[
  {
    "Region": "Australia and Oceania",
    "Country": "Tuvalu",
    "ItemType": "Baby Food",
    "SalesChannel": "Offline",
    "OrderPriority": "H",
    "OrderDate": "5/28/2010",
    "OrderID": 669165933,
    "ShipDate": "6/27/2010",
    "UnitsSold": 9925,
    "UnitPrice": 255.28,
    "UnitCost": 159.42,
    "TotalRevenue": 2533654,
    "TotalCost": 1582243.5,
    "TotalProfit": 951410.5
  },
  {
    "Region": "Central America and the Caribbean",
    "Country": "Grenada",
    "ItemType": "Cereal",
    "SalesChannel": "Online",
    "OrderPriority": "C",
    "OrderDate": "8/22/2012",
    "OrderID": 963881480,
    "ShipDate": "9/15/2012",
    "UnitsSold": 2804,
    "UnitPrice": 205.7,
    "UnitCost": 117.11,
    "TotalRevenue": 576782.8,
    "TotalCost": 328376.44,
    "TotalProfit": 248406.36
  },
  {
    "Region": "Europe",
    "Country": "Russia",
    "ItemType": "Office Supplies",
    "SalesChannel": "Offline",
    "OrderPriority": "L",
    "OrderDate": "5/2/2014",
    "OrderID": 341417157,
    "ShipDate": "5/8/2014",
    "UnitsSold": 1779,
    "UnitPrice": 651.21,
    "UnitCost": 524.96,
    "TotalRevenue": 1158502.59,
    "TotalCost": 933903.84,
    "TotalProfit": 224598.75
  },
  {
    "Region": "Sub-Saharan Africa",
    "Country": "Sao Tome and Principe",
    "ItemType": "Fruits",
    "SalesChannel": "Online",
    "OrderPriority": "C",
    "OrderDate": "6/20/2014",
    "OrderID": 514321792,
    "ShipDate": "7/5/2014",
    "UnitsSold": 8102,
    "UnitPrice": 9.33,
    "UnitCost": 6.92,
    "TotalRevenue": 75591.66,
    "TotalCost": 56065.84,
    "TotalProfit": 19525.82
  },
  {
    "Region": "Sub-Saharan Africa",
    "Country": "Rwanda",
    "ItemType": "Office Supplies",
    "SalesChannel": "Offline",
    "OrderPriority": "L",
    "OrderDate": "2/1/2013",
    "OrderID": 115456712,
    "ShipDate": "2/6/2013",
    "UnitsSold": 5062,
    "UnitPrice": 651.21,
    "UnitCost": 524.96,
    "TotalRevenue": 3296425.02,
    "TotalCost": 2657347.52,
    "TotalProfit": 639077.5
  },
  {
    "Region": "Australia and Oceania",
    "Country": "Solomon Islands",
    "ItemType": "Baby Food",
    "SalesChannel": "Online",
    "OrderPriority": "C",
    "OrderDate": "2/4/2015",
    "OrderID": 547995746,
    "ShipDate": "2/21/2015",
    "UnitsSold": 2974,
    "UnitPrice": 255.28,
    "UnitCost": 159.42,
    "TotalRevenue": 759202.72,
    "TotalCost": 474115.08,
    "TotalProfit": 285087.64
  },
  {
    "Region": "Sub-Saharan Africa",
    "Country": "Angola",
    "ItemType": "Household",
    "SalesChannel": "Offline",
    "OrderPriority": "M",
    "OrderDate": "4/23/2011",
    "OrderID": 135425221,
    "ShipDate": "4/27/2011",
    "UnitsSold": 4187,
    "UnitPrice": 668.27,
    "UnitCost": 502.54,
    "TotalRevenue": 2798046.49,
    "TotalCost": 2104134.98,
    "TotalProfit": 693911.51
  },
  {
    "Region": "Sub-Saharan Africa",
    "Country": "Burkina Faso",
    "ItemType": "Vegetables",
    "SalesChannel": "Online",
    "OrderPriority": "H",
    "OrderDate": "7/17/2012",
    "OrderID": 871543967,
    "ShipDate": "7/27/2012",
    "UnitsSold": 8082,
    "UnitPrice": 154.06,
    "UnitCost": 90.93,
    "TotalRevenue": 1245112.92,
    "TotalCost": 734896.26,
    "TotalProfit": 510216.66
  },
  {
    "Region": "Sub-Saharan Africa",
    "Country": "Republic of the Congo",
    "ItemType": "Personal Care",
    "SalesChannel": "Offline",
    "OrderPriority": "M",
    "OrderDate": "7/14/2015",
    "OrderID": 770463311,
    "ShipDate": "8/25/2015",
    "UnitsSold": 6070,
    "UnitPrice": 81.73,
    "UnitCost": 56.67,
    "TotalRevenue": 496101.1,
    "TotalCost": 343986.9,
    "TotalProfit": 152114.2
  },
  {
    "Region": "Sub-Saharan Africa",
    "Country": "Senegal",
    "ItemType": "Cereal",
    "SalesChannel": "Online",
    "OrderPriority": "H",
    "OrderDate": "4/18/2014",
    "OrderID": 616607081,
    "ShipDate": "5/30/2014",
    "UnitsSold": 6593,
    "UnitPrice": 205.7,
    "UnitCost": 117.11,
    "TotalRevenue": 1356180.1,
    "TotalCost": 772106.23,
    "TotalProfit": 584073.87
  },
  {
    "Region": "Asia",
    "Country": "Kyrgyzstan",
    "ItemType": "Vegetables",
    "SalesChannel": "Online",
    "OrderPriority": "H",
    "OrderDate": "6/24/2011",
    "OrderID": 814711606,
    "ShipDate": "7/12/2011",
    "UnitsSold": 124,
    "UnitPrice": 154.06,
    "UnitCost": 90.93,
    "TotalRevenue": 19103.44,
    "TotalCost": 11275.32,
    "TotalProfit": 7828.12
  },
  {
    "Region": "Sub-Saharan Africa",
    "Country": "Cape Verde",
    "ItemType": "Clothes",
    "SalesChannel": "Offline",
    "OrderPriority": "H",
    "OrderDate": "8/2/2014",
    "OrderID": 939825713,
    "ShipDate": "8/19/2014",
    "UnitsSold": 4168,
    "UnitPrice": 109.28,
    "UnitCost": 35.84,
    "TotalRevenue": 455479.04,
    "TotalCost": 149381.12,
    "TotalProfit": 306097.92
  },
  {
    "Region": "Asia",
    "Country": "Bangladesh",
    "ItemType": "Clothes",
    "SalesChannel": "Online",
    "OrderPriority": "L",
    "OrderDate": "1/13/2017",
    "OrderID": 187310731,
    "ShipDate": "3/1/2017",
    "UnitsSold": 8263,
    "UnitPrice": 109.28,
    "UnitCost": 35.84,
    "TotalRevenue": 902980.64,
    "TotalCost": 296145.92,
    "TotalProfit": 606834.72
  },
  {
    "Region": "Central America and the Caribbean",
    "Country": "Honduras",
    "ItemType": "Household",
    "SalesChannel": "Offline",
    "OrderPriority": "H",
    "OrderDate": "2/8/2017",
    "OrderID": 522840487,
    "ShipDate": "2/13/2017",
    "UnitsSold": 8974,
    "UnitPrice": 668.27,
    "UnitCost": 502.54,
    "TotalRevenue": 5997054.98,
    "TotalCost": 4509793.96,
    "TotalProfit": 1487261.02
  },
  {
    "Region": "Asia",
    "Country": "Mongolia",
    "ItemType": "Personal Care",
    "SalesChannel": "Offline",
    "OrderPriority": "C",
    "OrderDate": "2/19/2014",
    "OrderID": 832401311,
    "ShipDate": "2/23/2014",
    "UnitsSold": 4901,
    "UnitPrice": 81.73,
    "UnitCost": 56.67,
    "TotalRevenue": 400558.73,
    "TotalCost": 277739.67,
    "TotalProfit": 122819.06
  },
  {
    "Region": "Europe",
    "Country": "Bulgaria",
    "ItemType": "Clothes",
    "SalesChannel": "Online",
    "OrderPriority": "M",
    "OrderDate": "4/23/2012",
    "OrderID": 972292029,
    "ShipDate": "6/3/2012",
    "UnitsSold": 1673,
    "UnitPrice": 109.28,
    "UnitCost": 35.84,
    "TotalRevenue": 182825.44,
    "TotalCost": 59960.32,
    "TotalProfit": 122865.12
  },
  {
    "Region": "Asia",
    "Country": "Sri Lanka",
    "ItemType": "Cosmetics",
    "SalesChannel": "Offline",
    "OrderPriority": "M",
    "OrderDate": "11/19/2016",
    "OrderID": 419123971,
    "ShipDate": "12/18/2016",
    "UnitsSold": 6952,
    "UnitPrice": 437.2,
    "UnitCost": 263.33,
    "TotalRevenue": 3039414.4,
    "TotalCost": 1830670.16,
    "TotalProfit": 1208744.24
  },
  {
    "Region": "Sub-Saharan Africa",
    "Country": "Cameroon",
    "ItemType": "Beverages",
    "SalesChannel": "Offline",
    "OrderPriority": "C",
    "OrderDate": "4/1/2015",
    "OrderID": 519820964,
    "ShipDate": "4/18/2015",
    "UnitsSold": 5430,
    "UnitPrice": 47.45,
    "UnitCost": 31.79,
    "TotalRevenue": 257653.5,
    "TotalCost": 172619.7,
    "TotalProfit": 85033.8
  },
  {
    "Region": "Asia",
    "Country": "Turkmenistan",
    "ItemType": "Household",
    "SalesChannel": "Offline",
    "OrderPriority": "L",
    "OrderDate": "12/30/2010",
    "OrderID": 441619336,
    "ShipDate": "1/20/2011",
    "UnitsSold": 3830,
    "UnitPrice": 668.27,
    "UnitCost": 502.54,
    "TotalRevenue": 2559474.1,
    "TotalCost": 1924728.2,
    "TotalProfit": 634745.9
  },
  {
    "Region": "Australia and Oceania",
    "Country": "East Timor",
    "ItemType": "Meat",
    "SalesChannel": "Online",
    "OrderPriority": "L",
    "OrderDate": "7/31/2012",
    "OrderID": 322067916,
    "ShipDate": "9/11/2012",
    "UnitsSold": 5908,
    "UnitPrice": 421.89,
    "UnitCost": 364.69,
    "TotalRevenue": 2492526.12,
    "TotalCost": 2154588.52,
    "TotalProfit": 337937.6
  },
  {
    "Region": "Europe",
    "Country": "Norway",
    "ItemType": "Baby Food",
    "SalesChannel": "Online",
    "OrderPriority": "L",
    "OrderDate": "5/14/2014",
    "OrderID": 819028031,
    "ShipDate": "6/28/2014",
    "UnitsSold": 7450,
    "UnitPrice": 255.28,
    "UnitCost": 159.42,
    "TotalRevenue": 1901836,
    "TotalCost": 1187679,
    "TotalProfit": 714157
  },
  {
    "Region": "Europe",
    "Country": "Portugal",
    "ItemType": "Baby Food",
    "SalesChannel": "Online",
    "OrderPriority": "H",
    "OrderDate": "7/31/2015",
    "OrderID": 860673511,
    "ShipDate": "9/3/2015",
    "UnitsSold": 1273,
    "UnitPrice": 255.28,
    "UnitCost": 159.42,
    "TotalRevenue": 324971.44,
    "TotalCost": 202941.66,
    "TotalProfit": 122029.78
  },
  {
    "Region": "Central America and the Caribbean",
    "Country": "Honduras",
    "ItemType": "Snacks",
    "SalesChannel": "Online",
    "OrderPriority": "L",
    "OrderDate": "6/30/2016",
    "OrderID": 795490682,
    "ShipDate": "7/26/2016",
    "UnitsSold": 2225,
    "UnitPrice": 152.58,
    "UnitCost": 97.44,
    "TotalRevenue": 339490.5,
    "TotalCost": 216804,
    "TotalProfit": 122686.5
  },
  {
    "Region": "Australia and Oceania",
    "Country": "New Zealand",
    "ItemType": "Fruits",
    "SalesChannel": "Online",
    "OrderPriority": "H",
    "OrderDate": "9/8/2014",
    "OrderID": 142278373,
    "ShipDate": "10/4/2014",
    "UnitsSold": 2187,
    "UnitPrice": 9.33,
    "UnitCost": 6.92,
    "TotalRevenue": 20404.71,
    "TotalCost": 15134.04,
    "TotalProfit": 5270.67
  },
  {
    "Region": "Europe",
    "Country": "Moldova",
    "ItemType": "Personal Care",
    "SalesChannel": "Online",
    "OrderPriority": "L",
    "OrderDate": "5/7/2016",
    "OrderID": 740147912,
    "ShipDate": "5/10/2016",
    "UnitsSold": 5070,
    "UnitPrice": 81.73,
    "UnitCost": 56.67,
    "TotalRevenue": 414371.1,
    "TotalCost": 287316.9,
    "TotalProfit": 127054.2
  },
  {
    "Region": "Europe",
    "Country": "France",
    "ItemType": "Cosmetics",
    "SalesChannel": "Online",
    "OrderPriority": "H",
    "OrderDate": "5/22/2017",
    "OrderID": 898523128,
    "ShipDate": "6/5/2017",
    "UnitsSold": 1815,
    "UnitPrice": 437.2,
    "UnitCost": 263.33,
    "TotalRevenue": 793518,
    "TotalCost": 477943.95,
    "TotalProfit": 315574.05
  },
  {
    "Region": "Australia and Oceania",
    "Country": "Kiribati",
    "ItemType": "Fruits",
    "SalesChannel": "Online",
    "OrderPriority": "M",
    "OrderDate": "10/13/2014",
    "OrderID": 347140347,
    "ShipDate": "11/10/2014",
    "UnitsSold": 5398,
    "UnitPrice": 9.33,
    "UnitCost": 6.92,
    "TotalRevenue": 50363.34,
    "TotalCost": 37354.16,
    "TotalProfit": 13009.18
  },
  {
    "Region": "Sub-Saharan Africa",
    "Country": "Mali",
    "ItemType": "Fruits",
    "SalesChannel": "Online",
    "OrderPriority": "L",
    "OrderDate": "5/7/2010",
    "OrderID": 686048400,
    "ShipDate": "5/10/2010",
    "UnitsSold": 5822,
    "UnitPrice": 9.33,
    "UnitCost": 6.92,
    "TotalRevenue": 54319.26,
    "TotalCost": 40288.24,
    "TotalProfit": 14031.02
  },
  {
    "Region": "Europe",
    "Country": "Norway",
    "ItemType": "Beverages",
    "SalesChannel": "Offline",
    "OrderPriority": "C",
    "OrderDate": "7/18/2014",
    "OrderID": 435608613,
    "ShipDate": "7/30/2014",
    "UnitsSold": 5124,
    "UnitPrice": 47.45,
    "UnitCost": 31.79,
    "TotalRevenue": 243133.8,
    "TotalCost": 162891.96,
    "TotalProfit": 80241.84
  },
  {
    "Region": "Sub-Saharan Africa",
    "Country": "The Gambia",
    "ItemType": "Household",
    "SalesChannel": "Offline",
    "OrderPriority": "L",
    "OrderDate": "5/26/2012",
    "OrderID": 886494815,
    "ShipDate": "6/9/2012",
    "UnitsSold": 2370,
    "UnitPrice": 668.27,
    "UnitCost": 502.54,
    "TotalRevenue": 1583799.9,
    "TotalCost": 1191019.8,
    "TotalProfit": 392780.1
  },
  {
    "Region": "Europe",
    "Country": "Switzerland",
    "ItemType": "Cosmetics",
    "SalesChannel": "Offline",
    "OrderPriority": "M",
    "OrderDate": "9/17/2012",
    "OrderID": 249693334,
    "ShipDate": "10/20/2012",
    "UnitsSold": 8661,
    "UnitPrice": 437.2,
    "UnitCost": 263.33,
    "TotalRevenue": 3786589.2,
    "TotalCost": 2280701.13,
    "TotalProfit": 1505888.07
  },
  {
    "Region": "Sub-Saharan Africa",
    "Country": "South Sudan",
    "ItemType": "Personal Care",
    "SalesChannel": "Offline",
    "OrderPriority": "C",
    "OrderDate": "12/29/2013",
    "OrderID": 406502997,
    "ShipDate": "1/28/2014",
    "UnitsSold": 2125,
    "UnitPrice": 81.73,
    "UnitCost": 56.67,
    "TotalRevenue": 173676.25,
    "TotalCost": 120423.75,
    "TotalProfit": 53252.5
  },
  {
    "Region": "Australia and Oceania",
    "Country": "Australia",
    "ItemType": "Office Supplies",
    "SalesChannel": "Online",
    "OrderPriority": "C",
    "OrderDate": "10/27/2015",
    "OrderID": 158535134,
    "ShipDate": "11/25/2015",
    "UnitsSold": 2924,
    "UnitPrice": 651.21,
    "UnitCost": 524.96,
    "TotalRevenue": 1904138.04,
    "TotalCost": 1534983.04,
    "TotalProfit": 369155
  },
  {
    "Region": "Asia",
    "Country": "Myanmar",
    "ItemType": "Household",
    "SalesChannel": "Offline",
    "OrderPriority": "H",
    "OrderDate": "1/16/2015",
    "OrderID": 177713572,
    "ShipDate": "3/1/2015",
    "UnitsSold": 8250,
    "UnitPrice": 668.27,
    "UnitCost": 502.54,
    "TotalRevenue": 5513227.5,
    "TotalCost": 4145955,
    "TotalProfit": 1367272.5
  },
  {
    "Region": "Sub-Saharan Africa",
    "Country": "Djibouti",
    "ItemType": "Snacks",
    "SalesChannel": "Online",
    "OrderPriority": "M",
    "OrderDate": "2/25/2017",
    "OrderID": 756274640,
    "ShipDate": "2/25/2017",
    "UnitsSold": 7327,
    "UnitPrice": 152.58,
    "UnitCost": 97.44,
    "TotalRevenue": 1117953.66,
    "TotalCost": 713942.88,
    "TotalProfit": 404010.78
  },
  {
    "Region": "Central America and the Caribbean",
    "Country": "Costa Rica",
    "ItemType": "Personal Care",
    "SalesChannel": "Offline",
    "OrderPriority": "L",
    "OrderDate": "5/8/2017",
    "OrderID": 456767165,
    "ShipDate": "5/21/2017",
    "UnitsSold": 6409,
    "UnitPrice": 81.73,
    "UnitCost": 56.67,
    "TotalRevenue": 523807.57,
    "TotalCost": 363198.03,
    "TotalProfit": 160609.54
  },
  {
    "Region": "Middle East and North Africa",
    "Country": "Syria",
    "ItemType": "Fruits",
    "SalesChannel": "Online",
    "OrderPriority": "L",
    "OrderDate": "11/22/2011",
    "OrderID": 162052476,
    "ShipDate": "12/3/2011",
    "UnitsSold": 3784,
    "UnitPrice": 9.33,
    "UnitCost": 6.92,
    "TotalRevenue": 35304.72,
    "TotalCost": 26185.28,
    "TotalProfit": 9119.44
  },
  {
    "Region": "Sub-Saharan Africa",
    "Country": "The Gambia",
    "ItemType": "Meat",
    "SalesChannel": "Online",
    "OrderPriority": "M",
    "OrderDate": "1/14/2017",
    "OrderID": 825304400,
    "ShipDate": "1/23/2017",
    "UnitsSold": 4767,
    "UnitPrice": 421.89,
    "UnitCost": 364.69,
    "TotalRevenue": 2011149.63,
    "TotalCost": 1738477.23,
    "TotalProfit": 272672.4
  },
  {
    "Region": "Asia",
    "Country": "Brunei",
    "ItemType": "Office Supplies",
    "SalesChannel": "Online",
    "OrderPriority": "L",
    "OrderDate": "4/1/2012",
    "OrderID": 320009267,
    "ShipDate": "5/8/2012",
    "UnitsSold": 6708,
    "UnitPrice": 651.21,
    "UnitCost": 524.96,
    "TotalRevenue": 4368316.68,
    "TotalCost": 3521431.68,
    "TotalProfit": 846885
  },
  {
    "Region": "Europe",
    "Country": "Bulgaria",
    "ItemType": "Office Supplies",
    "SalesChannel": "Online",
    "OrderPriority": "M",
    "OrderDate": "2/16/2012",
    "OrderID": 189965903,
    "ShipDate": "2/28/2012",
    "UnitsSold": 3987,
    "UnitPrice": 651.21,
    "UnitCost": 524.96,
    "TotalRevenue": 2596374.27,
    "TotalCost": 2093015.52,
    "TotalProfit": 503358.75
  },
  {
    "Region": "Sub-Saharan Africa",
    "Country": "Niger",
    "ItemType": "Personal Care",
    "SalesChannel": "Online",
    "OrderPriority": "H",
    "OrderDate": "3/11/2017",
    "OrderID": 699285638,
    "ShipDate": "3/28/2017",
    "UnitsSold": 3015,
    "UnitPrice": 81.73,
    "UnitCost": 56.67,
    "TotalRevenue": 246415.95,
    "TotalCost": 170860.05,
    "TotalProfit": 75555.9
  },
  {
    "Region": "Middle East and North Africa",
    "Country": "Azerbaijan",
    "ItemType": "Cosmetics",
    "SalesChannel": "Online",
    "OrderPriority": "M",
    "OrderDate": "2/6/2010",
    "OrderID": 382392299,
    "ShipDate": "2/25/2010",
    "UnitsSold": 7234,
    "UnitPrice": 437.2,
    "UnitCost": 263.33,
    "TotalRevenue": 3162704.8,
    "TotalCost": 1904929.22,
    "TotalProfit": 1257775.58
  },
  {
    "Region": "Sub-Saharan Africa",
    "Country": "The Gambia",
    "ItemType": "Cereal",
    "SalesChannel": "Offline",
    "OrderPriority": "H",
    "OrderDate": "6/7/2012",
    "OrderID": 994022214,
    "ShipDate": "6/8/2012",
    "UnitsSold": 2117,
    "UnitPrice": 205.7,
    "UnitCost": 117.11,
    "TotalRevenue": 435466.9,
    "TotalCost": 247921.87,
    "TotalProfit": 187545.03
  },
  {
    "Region": "Europe",
    "Country": "Slovakia",
    "ItemType": "Vegetables",
    "SalesChannel": "Online",
    "OrderPriority": "H",
    "OrderDate": "10/6/2012",
    "OrderID": 759224212,
    "ShipDate": "11/10/2012",
    "UnitsSold": 171,
    "UnitPrice": 154.06,
    "UnitCost": 90.93,
    "TotalRevenue": 26344.26,
    "TotalCost": 15549.03,
    "TotalProfit": 10795.23
  },
  {
    "Region": "Asia",
    "Country": "Myanmar",
    "ItemType": "Clothes",
    "SalesChannel": "Online",
    "OrderPriority": "H",
    "OrderDate": "11/14/2015",
    "OrderID": 223359620,
    "ShipDate": "11/18/2015",
    "UnitsSold": 5930,
    "UnitPrice": 109.28,
    "UnitCost": 35.84,
    "TotalRevenue": 648030.4,
    "TotalCost": 212531.2,
    "TotalProfit": 435499.2
  },
  {
    "Region": "Sub-Saharan Africa",
    "Country": "Comoros",
    "ItemType": "Cereal",
    "SalesChannel": "Offline",
    "OrderPriority": "H",
    "OrderDate": "3/29/2016",
    "OrderID": 902102267,
    "ShipDate": "4/29/2016",
    "UnitsSold": 962,
    "UnitPrice": 205.7,
    "UnitCost": 117.11,
    "TotalRevenue": 197883.4,
    "TotalCost": 112659.82,
    "TotalProfit": 85223.58
  },
  {
    "Region": "Europe",
    "Country": "Iceland",
    "ItemType": "Cosmetics",
    "SalesChannel": "Online",
    "OrderPriority": "C",
    "OrderDate": "12/31/2016",
    "OrderID": 331438481,
    "ShipDate": "12/31/2016",
    "UnitsSold": 8867,
    "UnitPrice": 437.2,
    "UnitCost": 263.33,
    "TotalRevenue": 3876652.4,
    "TotalCost": 2334947.11,
    "TotalProfit": 1541705.29
  },
  {
    "Region": "Europe",
    "Country": "Switzerland",
    "ItemType": "Personal Care",
    "SalesChannel": "Online",
    "OrderPriority": "M",
    "OrderDate": "12/23/2010",
    "OrderID": 617667090,
    "ShipDate": "1/31/2011",
    "UnitsSold": 273,
    "UnitPrice": 81.73,
    "UnitCost": 56.67,
    "TotalRevenue": 22312.29,
    "TotalCost": 15470.91,
    "TotalProfit": 6841.38
  },
  {
    "Region": "Europe",
    "Country": "Macedonia",
    "ItemType": "Clothes",
    "SalesChannel": "Offline",
    "OrderPriority": "C",
    "OrderDate": "10/14/2014",
    "OrderID": 787399423,
    "ShipDate": "11/14/2014",
    "UnitsSold": 7842,
    "UnitPrice": 109.28,
    "UnitCost": 35.84,
    "TotalRevenue": 856973.76,
    "TotalCost": 281057.28,
    "TotalProfit": 575916.48
  },
  {
    "Region": "Sub-Saharan Africa",
    "Country": "Mauritania",
    "ItemType": "Office Supplies",
    "SalesChannel": "Offline",
    "OrderPriority": "C",
    "OrderDate": "1/11/2012",
    "OrderID": 837559306,
    "ShipDate": "1/13/2012",
    "UnitsSold": 1266,
    "UnitPrice": 651.21,
    "UnitCost": 524.96,
    "TotalRevenue": 824431.86,
    "TotalCost": 664599.36,
    "TotalProfit": 159832.5
  },
  {
    "Region": "Europe",
    "Country": "Albania",
    "ItemType": "Clothes",
    "SalesChannel": "Online",
    "OrderPriority": "C",
    "OrderDate": "2/2/2010",
    "OrderID": 385383069,
    "ShipDate": "3/18/2010",
    "UnitsSold": 2269,
    "UnitPrice": 109.28,
    "UnitCost": 35.84,
    "TotalRevenue": 247956.32,
    "TotalCost": 81320.96,
    "TotalProfit": 166635.36
  },
  {
    "Region": "Sub-Saharan Africa",
    "Country": "Lesotho",
    "ItemType": "Fruits",
    "SalesChannel": "Online",
    "OrderPriority": "L",
    "OrderDate": "8/18/2013",
    "OrderID": 918419539,
    "ShipDate": "9/18/2013",
    "UnitsSold": 9606,
    "UnitPrice": 9.33,
    "UnitCost": 6.92,
    "TotalRevenue": 89623.98,
    "TotalCost": 66473.52,
    "TotalProfit": 23150.46
  },
  {
    "Region": "Middle East and North Africa",
    "Country": "Saudi Arabia",
    "ItemType": "Cereal",
    "SalesChannel": "Online",
    "OrderPriority": "M",
    "OrderDate": "3/25/2013",
    "OrderID": 844530045,
    "ShipDate": "3/28/2013",
    "UnitsSold": 4063,
    "UnitPrice": 205.7,
    "UnitCost": 117.11,
    "TotalRevenue": 835759.1,
    "TotalCost": 475817.93,
    "TotalProfit": 359941.17
  },
  {
    "Region": "Sub-Saharan Africa",
    "Country": "Sierra Leone",
    "ItemType": "Office Supplies",
    "SalesChannel": "Offline",
    "OrderPriority": "M",
    "OrderDate": "11/26/2011",
    "OrderID": 441888415,
    "ShipDate": "1/7/2012",
    "UnitsSold": 3457,
    "UnitPrice": 651.21,
    "UnitCost": 524.96,
    "TotalRevenue": 2251232.97,
    "TotalCost": 1814786.72,
    "TotalProfit": 436446.25
  },
  {
    "Region": "Sub-Saharan Africa",
    "Country": "Sao Tome and Principe",
    "ItemType": "Fruits",
    "SalesChannel": "Offline",
    "OrderPriority": "H",
    "OrderDate": "9/17/2013",
    "OrderID": 508980977,
    "ShipDate": "10/24/2013",
    "UnitsSold": 7637,
    "UnitPrice": 9.33,
    "UnitCost": 6.92,
    "TotalRevenue": 71253.21,
    "TotalCost": 52848.04,
    "TotalProfit": 18405.17
  },
  {
    "Region": "Sub-Saharan Africa",
    "Country": "Cote d'Ivoire",
    "ItemType": "Clothes",
    "SalesChannel": "Online",
    "OrderPriority": "C",
    "OrderDate": "6/8/2012",
    "OrderID": 114606559,
    "ShipDate": "6/27/2012",
    "UnitsSold": 3482,
    "UnitPrice": 109.28,
    "UnitCost": 35.84,
    "TotalRevenue": 380512.96,
    "TotalCost": 124794.88,
    "TotalProfit": 255718.08
  },
  {
    "Region": "Australia and Oceania",
    "Country": "Fiji",
    "ItemType": "Clothes",
    "SalesChannel": "Offline",
    "OrderPriority": "C",
    "OrderDate": "6/30/2010",
    "OrderID": 647876489,
    "ShipDate": "8/1/2010",
    "UnitsSold": 9905,
    "UnitPrice": 109.28,
    "UnitCost": 35.84,
    "TotalRevenue": 1082418.4,
    "TotalCost": 354995.2,
    "TotalProfit": 727423.2
  },
  {
    "Region": "Europe",
    "Country": "Austria",
    "ItemType": "Cosmetics",
    "SalesChannel": "Offline",
    "OrderPriority": "H",
    "OrderDate": "2/23/2015",
    "OrderID": 868214595,
    "ShipDate": "3/2/2015",
    "UnitsSold": 2847,
    "UnitPrice": 437.2,
    "UnitCost": 263.33,
    "TotalRevenue": 1244708.4,
    "TotalCost": 749700.51,
    "TotalProfit": 495007.89
  },
  {
    "Region": "Europe",
    "Country": "United Kingdom",
    "ItemType": "Household",
    "SalesChannel": "Online",
    "OrderPriority": "L",
    "OrderDate": "1/5/2012",
    "OrderID": 955357205,
    "ShipDate": "2/14/2012",
    "UnitsSold": 282,
    "UnitPrice": 668.27,
    "UnitCost": 502.54,
    "TotalRevenue": 188452.14,
    "TotalCost": 141716.28,
    "TotalProfit": 46735.86
  },
  {
    "Region": "Sub-Saharan Africa",
    "Country": "Djibouti",
    "ItemType": "Cosmetics",
    "SalesChannel": "Offline",
    "OrderPriority": "H",
    "OrderDate": "4/7/2014",
    "OrderID": 259353148,
    "ShipDate": "4/19/2014",
    "UnitsSold": 7215,
    "UnitPrice": 437.2,
    "UnitCost": 263.33,
    "TotalRevenue": 3154398,
    "TotalCost": 1899925.95,
    "TotalProfit": 1254472.05
  },
  {
    "Region": "Australia and Oceania",
    "Country": "Australia",
    "ItemType": "Cereal",
    "SalesChannel": "Offline",
    "OrderPriority": "H",
    "OrderDate": "6/9/2013",
    "OrderID": 450563752,
    "ShipDate": "7/2/2013",
    "UnitsSold": 682,
    "UnitPrice": 205.7,
    "UnitCost": 117.11,
    "TotalRevenue": 140287.4,
    "TotalCost": 79869.02,
    "TotalProfit": 60418.38
  },
  {
    "Region": "Europe",
    "Country": "San Marino",
    "ItemType": "Baby Food",
    "SalesChannel": "Online",
    "OrderPriority": "L",
    "OrderDate": "6/26/2013",
    "OrderID": 569662845,
    "ShipDate": "7/1/2013",
    "UnitsSold": 4750,
    "UnitPrice": 255.28,
    "UnitCost": 159.42,
    "TotalRevenue": 1212580,
    "TotalCost": 757245,
    "TotalProfit": 455335
  },
  {
    "Region": "Sub-Saharan Africa",
    "Country": "Cameroon",
    "ItemType": "Office Supplies",
    "SalesChannel": "Online",
    "OrderPriority": "M",
    "OrderDate": "11/7/2011",
    "OrderID": 177636754,
    "ShipDate": "11/15/2011",
    "UnitsSold": 5518,
    "UnitPrice": 651.21,
    "UnitCost": 524.96,
    "TotalRevenue": 3593376.78,
    "TotalCost": 2896729.28,
    "TotalProfit": 696647.5
  },
  {
    "Region": "Middle East and North Africa",
    "Country": "Libya",
    "ItemType": "Clothes",
    "SalesChannel": "Offline",
    "OrderPriority": "H",
    "OrderDate": "10/30/2010",
    "OrderID": 705784308,
    "ShipDate": "11/17/2010",
    "UnitsSold": 6116,
    "UnitPrice": 109.28,
    "UnitCost": 35.84,
    "TotalRevenue": 668356.48,
    "TotalCost": 219197.44,
    "TotalProfit": 449159.04
  },
  {
    "Region": "Central America and the Caribbean",
    "Country": "Haiti",
    "ItemType": "Cosmetics",
    "SalesChannel": "Offline",
    "OrderPriority": "H",
    "OrderDate": "10/13/2013",
    "OrderID": 505716836,
    "ShipDate": "11/16/2013",
    "UnitsSold": 1705,
    "UnitPrice": 437.2,
    "UnitCost": 263.33,
    "TotalRevenue": 745426,
    "TotalCost": 448977.65,
    "TotalProfit": 296448.35
  },
  {
    "Region": "Sub-Saharan Africa",
    "Country": "Rwanda",
    "ItemType": "Cosmetics",
    "SalesChannel": "Offline",
    "OrderPriority": "H",
    "OrderDate": "10/11/2013",
    "OrderID": 699358165,
    "ShipDate": "11/25/2013",
    "UnitsSold": 4477,
    "UnitPrice": 437.2,
    "UnitCost": 263.33,
    "TotalRevenue": 1957344.4,
    "TotalCost": 1178928.41,
    "TotalProfit": 778415.99
  },
  {
    "Region": "Sub-Saharan Africa",
    "Country": "Gabon",
    "ItemType": "Personal Care",
    "SalesChannel": "Offline",
    "OrderPriority": "L",
    "OrderDate": "7/8/2012",
    "OrderID": 228944623,
    "ShipDate": "7/9/2012",
    "UnitsSold": 8656,
    "UnitPrice": 81.73,
    "UnitCost": 56.67,
    "TotalRevenue": 707454.88,
    "TotalCost": 490535.52,
    "TotalProfit": 216919.36
  },
  {
    "Region": "Central America and the Caribbean",
    "Country": "Belize",
    "ItemType": "Clothes",
    "SalesChannel": "Offline",
    "OrderPriority": "M",
    "OrderDate": "7/25/2016",
    "OrderID": 807025039,
    "ShipDate": "9/7/2016",
    "UnitsSold": 5498,
    "UnitPrice": 109.28,
    "UnitCost": 35.84,
    "TotalRevenue": 600821.44,
    "TotalCost": 197048.32,
    "TotalProfit": 403773.12
  },
  {
    "Region": "Europe",
    "Country": "Lithuania",
    "ItemType": "Office Supplies",
    "SalesChannel": "Offline",
    "OrderPriority": "H",
    "OrderDate": "10/24/2010",
    "OrderID": 166460740,
    "ShipDate": "11/17/2010",
    "UnitsSold": 8287,
    "UnitPrice": 651.21,
    "UnitCost": 524.96,
    "TotalRevenue": 5396577.27,
    "TotalCost": 4350343.52,
    "TotalProfit": 1046233.75
  },
  {
    "Region": "Sub-Saharan Africa",
    "Country": "Madagascar",
    "ItemType": "Clothes",
    "SalesChannel": "Offline",
    "OrderPriority": "L",
    "OrderDate": "4/25/2015",
    "OrderID": 610425555,
    "ShipDate": "5/28/2015",
    "UnitsSold": 7342,
    "UnitPrice": 109.28,
    "UnitCost": 35.84,
    "TotalRevenue": 802333.76,
    "TotalCost": 263137.28,
    "TotalProfit": 539196.48
  },
  {
    "Region": "Asia",
    "Country": "Turkmenistan",
    "ItemType": "Office Supplies",
    "SalesChannel": "Online",
    "OrderPriority": "M",
    "OrderDate": "4/23/2013",
    "OrderID": 462405812,
    "ShipDate": "5/20/2013",
    "UnitsSold": 5010,
    "UnitPrice": 651.21,
    "UnitCost": 524.96,
    "TotalRevenue": 3262562.1,
    "TotalCost": 2630049.6,
    "TotalProfit": 632512.5
  },
  {
    "Region": "Middle East and North Africa",
    "Country": "Libya",
    "ItemType": "Fruits",
    "SalesChannel": "Online",
    "OrderPriority": "L",
    "OrderDate": "8/14/2015",
    "OrderID": 816200339,
    "ShipDate": "9/30/2015",
    "UnitsSold": 673,
    "UnitPrice": 9.33,
    "UnitCost": 6.92,
    "TotalRevenue": 6279.09,
    "TotalCost": 4657.16,
    "TotalProfit": 1621.93
  },
  {
    "Region": "Sub-Saharan Africa",
    "Country": "Democratic Republic of the Congo",
    "ItemType": "Beverages",
    "SalesChannel": "Online",
    "OrderPriority": "C",
    "OrderDate": "5/26/2011",
    "OrderID": 585920464,
    "ShipDate": "7/15/2011",
    "UnitsSold": 5741,
    "UnitPrice": 47.45,
    "UnitCost": 31.79,
    "TotalRevenue": 272410.45,
    "TotalCost": 182506.39,
    "TotalProfit": 89904.06
  },
  {
    "Region": "Sub-Saharan Africa",
    "Country": "Djibouti",
    "ItemType": "Cereal",
    "SalesChannel": "Online",
    "OrderPriority": "H",
    "OrderDate": "5/20/2017",
    "OrderID": 555990016,
    "ShipDate": "6/17/2017",
    "UnitsSold": 8656,
    "UnitPrice": 205.7,
    "UnitCost": 117.11,
    "TotalRevenue": 1780539.2,
    "TotalCost": 1013704.16,
    "TotalProfit": 766835.04
  },
  {
    "Region": "Middle East and North Africa",
    "Country": "Pakistan",
    "ItemType": "Cosmetics",
    "SalesChannel": "Offline",
    "OrderPriority": "L",
    "OrderDate": "7/5/2013",
    "OrderID": 231145322,
    "ShipDate": "8/16/2013",
    "UnitsSold": 9892,
    "UnitPrice": 437.2,
    "UnitCost": 263.33,
    "TotalRevenue": 4324782.4,
    "TotalCost": 2604860.36,
    "TotalProfit": 1719922.04
  },
  {
    "Region": "North America",
    "Country": "Mexico",
    "ItemType": "Household",
    "SalesChannel": "Offline",
    "OrderPriority": "C",
    "OrderDate": "11/6/2014",
    "OrderID": 986435210,
    "ShipDate": "12/12/2014",
    "UnitsSold": 6954,
    "UnitPrice": 668.27,
    "UnitCost": 502.54,
    "TotalRevenue": 4647149.58,
    "TotalCost": 3494663.16,
    "TotalProfit": 1152486.42
  },
  {
    "Region": "Australia and Oceania",
    "Country": "Federated States of Micronesia",
    "ItemType": "Beverages",
    "SalesChannel": "Online",
    "OrderPriority": "C",
    "OrderDate": "10/28/2014",
    "OrderID": 217221009,
    "ShipDate": "11/15/2014",
    "UnitsSold": 9379,
    "UnitPrice": 47.45,
    "UnitCost": 31.79,
    "TotalRevenue": 445033.55,
    "TotalCost": 298158.41,
    "TotalProfit": 146875.14
  },
  {
    "Region": "Asia",
    "Country": "Laos",
    "ItemType": "Vegetables",
    "SalesChannel": "Offline",
    "OrderPriority": "C",
    "OrderDate": "9/15/2011",
    "OrderID": 789176547,
    "ShipDate": "10/23/2011",
    "UnitsSold": 3732,
    "UnitPrice": 154.06,
    "UnitCost": 90.93,
    "TotalRevenue": 574951.92,
    "TotalCost": 339350.76,
    "TotalProfit": 235601.16
  },
  {
    "Region": "Europe",
    "Country": "Monaco",
    "ItemType": "Baby Food",
    "SalesChannel": "Offline",
    "OrderPriority": "H",
    "OrderDate": "5/29/2012",
    "OrderID": 688288152,
    "ShipDate": "6/2/2012",
    "UnitsSold": 8614,
    "UnitPrice": 255.28,
    "UnitCost": 159.42,
    "TotalRevenue": 2198981.92,
    "TotalCost": 1373243.88,
    "TotalProfit": 825738.04
  },
  {
    "Region": "Australia and Oceania",
    "Country": "Samoa",
    "ItemType": "Cosmetics",
    "SalesChannel": "Online",
    "OrderPriority": "H",
    "OrderDate": "7/20/2013",
    "OrderID": 670854651,
    "ShipDate": "8/7/2013",
    "UnitsSold": 9654,
    "UnitPrice": 437.2,
    "UnitCost": 263.33,
    "TotalRevenue": 4220728.8,
    "TotalCost": 2542187.82,
    "TotalProfit": 1678540.98
  },
  {
    "Region": "Europe",
    "Country": "Spain",
    "ItemType": "Household",
    "SalesChannel": "Offline",
    "OrderPriority": "L",
    "OrderDate": "10/21/2012",
    "OrderID": 213487374,
    "ShipDate": "11/30/2012",
    "UnitsSold": 4513,
    "UnitPrice": 668.27,
    "UnitCost": 502.54,
    "TotalRevenue": 3015902.51,
    "TotalCost": 2267963.02,
    "TotalProfit": 747939.49
  },
  {
    "Region": "Middle East and North Africa",
    "Country": "Lebanon",
    "ItemType": "Clothes",
    "SalesChannel": "Online",
    "OrderPriority": "L",
    "OrderDate": "9/18/2012",
    "OrderID": 663110148,
    "ShipDate": "10/8/2012",
    "UnitsSold": 7884,
    "UnitPrice": 109.28,
    "UnitCost": 35.84,
    "TotalRevenue": 861563.52,
    "TotalCost": 282562.56,
    "TotalProfit": 579000.96
  },
  {
    "Region": "Middle East and North Africa",
    "Country": "Iran",
    "ItemType": "Cosmetics",
    "SalesChannel": "Online",
    "OrderPriority": "H",
    "OrderDate": "11/15/2016",
    "OrderID": 286959302,
    "ShipDate": "12/8/2016",
    "UnitsSold": 6489,
    "UnitPrice": 437.2,
    "UnitCost": 263.33,
    "TotalRevenue": 2836990.8,
    "TotalCost": 1708748.37,
    "TotalProfit": 1128242.43
  },
  {
    "Region": "Sub-Saharan Africa",
    "Country": "Zambia",
    "ItemType": "Snacks",
    "SalesChannel": "Online",
    "OrderPriority": "L",
    "OrderDate": "1/4/2011",
    "OrderID": 122583663,
    "ShipDate": "1/5/2011",
    "UnitsSold": 4085,
    "UnitPrice": 152.58,
    "UnitCost": 97.44,
    "TotalRevenue": 623289.3,
    "TotalCost": 398042.4,
    "TotalProfit": 225246.9
  },
  {
    "Region": "Sub-Saharan Africa",
    "Country": "Kenya",
    "ItemType": "Vegetables",
    "SalesChannel": "Online",
    "OrderPriority": "L",
    "OrderDate": "3/18/2012",
    "OrderID": 827844560,
    "ShipDate": "4/7/2012",
    "UnitsSold": 6457,
    "UnitPrice": 154.06,
    "UnitCost": 90.93,
    "TotalRevenue": 994765.42,
    "TotalCost": 587135.01,
    "TotalProfit": 407630.41
  },
  {
    "Region": "North America",
    "Country": "Mexico",
    "ItemType": "Personal Care",
    "SalesChannel": "Offline",
    "OrderPriority": "L",
    "OrderDate": "2/17/2012",
    "OrderID": 430915820,
    "ShipDate": "3/20/2012",
    "UnitsSold": 6422,
    "UnitPrice": 81.73,
    "UnitCost": 56.67,
    "TotalRevenue": 524870.06,
    "TotalCost": 363934.74,
    "TotalProfit": 160935.32
  },
  {
    "Region": "Sub-Saharan Africa",
    "Country": "Sao Tome and Principe",
    "ItemType": "Beverages",
    "SalesChannel": "Offline",
    "OrderPriority": "C",
    "OrderDate": "1/16/2011",
    "OrderID": 180283772,
    "ShipDate": "1/21/2011",
    "UnitsSold": 8829,
    "UnitPrice": 47.45,
    "UnitCost": 31.79,
    "TotalRevenue": 418936.05,
    "TotalCost": 280673.91,
    "TotalProfit": 138262.14
  },
  {
    "Region": "Sub-Saharan Africa",
    "Country": "The Gambia",
    "ItemType": "Baby Food",
    "SalesChannel": "Offline",
    "OrderPriority": "M",
    "OrderDate": "2/3/2014",
    "OrderID": 494747245,
    "ShipDate": "3/20/2014",
    "UnitsSold": 5559,
    "UnitPrice": 255.28,
    "UnitCost": 159.42,
    "TotalRevenue": 1419101.52,
    "TotalCost": 886215.78,
    "TotalProfit": 532885.74
  },
  {
    "Region": "Middle East and North Africa",
    "Country": "Kuwait",
    "ItemType": "Fruits",
    "SalesChannel": "Online",
    "OrderPriority": "M",
    "OrderDate": "4/30/2012",
    "OrderID": 513417565,
    "ShipDate": "5/18/2012",
    "UnitsSold": 522,
    "UnitPrice": 9.33,
    "UnitCost": 6.92,
    "TotalRevenue": 4870.26,
    "TotalCost": 3612.24,
    "TotalProfit": 1258.02
  },
  {
    "Region": "Europe",
    "Country": "Slovenia",
    "ItemType": "Beverages",
    "SalesChannel": "Offline",
    "OrderPriority": "C",
    "OrderDate": "10/23/2016",
    "OrderID": 345718562,
    "ShipDate": "11/25/2016",
    "UnitsSold": 4660,
    "UnitPrice": 47.45,
    "UnitCost": 31.79,
    "TotalRevenue": 221117,
    "TotalCost": 148141.4,
    "TotalProfit": 72975.6
  },
  {
    "Region": "Sub-Saharan Africa",
    "Country": "Sierra Leone",
    "ItemType": "Office Supplies",
    "SalesChannel": "Offline",
    "OrderPriority": "H",
    "OrderDate": "12/6/2016",
    "OrderID": 621386563,
    "ShipDate": "12/14/2016",
    "UnitsSold": 948,
    "UnitPrice": 651.21,
    "UnitCost": 524.96,
    "TotalRevenue": 617347.08,
    "TotalCost": 497662.08,
    "TotalProfit": 119685
  },
  {
    "Region": "Australia and Oceania",
    "Country": "Australia",
    "ItemType": "Beverages",
    "SalesChannel": "Offline",
    "OrderPriority": "H",
    "OrderDate": "7/7/2014",
    "OrderID": 240470397,
    "ShipDate": "7/11/2014",
    "UnitsSold": 9389,
    "UnitPrice": 47.45,
    "UnitCost": 31.79,
    "TotalRevenue": 445508.05,
    "TotalCost": 298476.31,
    "TotalProfit": 147031.74
  },
  {
    "Region": "Middle East and North Africa",
    "Country": "Azerbaijan",
    "ItemType": "Office Supplies",
    "SalesChannel": "Online",
    "OrderPriority": "M",
    "OrderDate": "6/13/2012",
    "OrderID": 423331391,
    "ShipDate": "7/24/2012",
    "UnitsSold": 2021,
    "UnitPrice": 651.21,
    "UnitCost": 524.96,
    "TotalRevenue": 1316095.41,
    "TotalCost": 1060944.16,
    "TotalProfit": 255151.25
  },
  {
    "Region": "Europe",
    "Country": "Romania",
    "ItemType": "Cosmetics",
    "SalesChannel": "Online",
    "OrderPriority": "H",
    "OrderDate": "11/26/2010",
    "OrderID": 660643374,
    "ShipDate": "12/25/2010",
    "UnitsSold": 7910,
    "UnitPrice": 437.2,
    "UnitCost": 263.33,
    "TotalRevenue": 3458252,
    "TotalCost": 2082940.3,
    "TotalProfit": 1375311.7
  },
  {
    "Region": "Central America and the Caribbean",
    "Country": "Nicaragua",
    "ItemType": "Beverages",
    "SalesChannel": "Offline",
    "OrderPriority": "C",
    "OrderDate": "2/8/2011",
    "OrderID": 963392674,
    "ShipDate": "3/21/2011",
    "UnitsSold": 8156,
    "UnitPrice": 47.45,
    "UnitCost": 31.79,
    "TotalRevenue": 387002.2,
    "TotalCost": 259279.24,
    "TotalProfit": 127722.96
  },
  {
    "Region": "Sub-Saharan Africa",
    "Country": "Mali",
    "ItemType": "Clothes",
    "SalesChannel": "Online",
    "OrderPriority": "M",
    "OrderDate": "7/26/2011",
    "OrderID": 512878119,
    "ShipDate": "9/3/2011",
    "UnitsSold": 888,
    "UnitPrice": 109.28,
    "UnitCost": 35.84,
    "TotalRevenue": 97040.64,
    "TotalCost": 31825.92,
    "TotalProfit": 65214.72
  },
  {
    "Region": "Asia",
    "Country": "Malaysia",
    "ItemType": "Fruits",
    "SalesChannel": "Offline",
    "OrderPriority": "L",
    "OrderDate": "11/11/2011",
    "OrderID": 810711038,
    "ShipDate": "12/28/2011",
    "UnitsSold": 6267,
    "UnitPrice": 9.33,
    "UnitCost": 6.92,
    "TotalRevenue": 58471.11,
    "TotalCost": 43367.64,
    "TotalProfit": 15103.47
  },
  {
    "Region": "Sub-Saharan Africa",
    "Country": "Sierra Leone",
    "ItemType": "Vegetables",
    "SalesChannel": "Offline",
    "OrderPriority": "C",
    "OrderDate": "6/1/2016",
    "OrderID": 728815257,
    "ShipDate": "6/29/2016",
    "UnitsSold": 1485,
    "UnitPrice": 154.06,
    "UnitCost": 90.93,
    "TotalRevenue": 228779.1,
    "TotalCost": 135031.05,
    "TotalProfit": 93748.05
  },
  {
    "Region": "North America",
    "Country": "Mexico",
    "ItemType": "Personal Care",
    "SalesChannel": "Offline",
    "OrderPriority": "M",
    "OrderDate": "7/30/2015",
    "OrderID": 559427106,
    "ShipDate": "8/8/2015",
    "UnitsSold": 5767,
    "UnitPrice": 81.73,
    "UnitCost": 56.67,
    "TotalRevenue": 471336.91,
    "TotalCost": 326815.89,
    "TotalProfit": 144521.02
  },
  {
    "Region": "Sub-Saharan Africa",
    "Country": "Mozambique",
    "ItemType": "Household",
    "SalesChannel": "Offline",
    "OrderPriority": "L",
    "OrderDate": "2/10/2012",
    "OrderID": 665095412,
    "ShipDate": "2/15/2012",
    "UnitsSold": 5367,
    "UnitPrice": 668.27,
    "UnitCost": 502.54,
    "TotalRevenue": 3586605.09,
    "TotalCost": 2697132.18,
    "TotalProfit": 889472.91
  }
]